Gene,P.Value,Log FC,expression,CC
LIX1L,8.11e-05,0.33129838,Down regulated,122394733
SIGIRR,8.83e-05,0.52022758,Down regulated,111216276
PRMT2,0.0001436,0.51411519,Down regulated,115482686
CCDC107,0.0001658,0.35844112,Down regulated,
DCN,0.0001856,0.63442201,Down regulated,728358
DCN,0.0002294,0.79136501,Down regulated,728358
PRRX1,0.0003159,0.71795765,Down regulated,115482686
RPS19BP1,0.0003536,0.37183543,Down regulated,113455421
EMP2,0.0004521,0.53552985,Down regulated,115482686
POLDIP3,0.0004813,0.49451088,Down regulated,115482686
RPL19P12,0.0005257,0.31256548,Down regulated,
POLE4,0.0005305,0.50790226,Down regulated,115482686
CDKN2C,0.0005437,0.7317514,Down regulated,115482686
PRMT2,0.0005597,0.44495716,Down regulated,115482686
POLE4,0.000565,0.55759014,Down regulated,115482686
HTATIP2,0.0005723,0.77996597,Down regulated,115482686
GNA12,0.0005753,0.39220077,Down regulated,122394733
AIP,0.0007312,0.33882898,Down regulated,113455421
ZNF436,0.0007584,0.65153555,Down regulated,113455421
RPS10,0.0007811,0.38359955,Down regulated,113455421
RPS3,0.0008463,0.63326963,Down regulated,440275
RPS9,0.000856,0.49910387,Down regulated,100130932
LSM10,0.0008605,0.47773723,Down regulated,113455421
IFITM1,0.000924,0.77575804,Down regulated,100506658
NSA2,0.0010295,0.57855972,Down regulated,
CALCRL,0.0010751,0.49132054,Down regulated,111089941
PLEKHF2,0.0010802,0.52703185,Down regulated,111089941
TAS2R42,0.0010922,0.1021481,Down regulated,
KCTD21,0.0011772,0.4579045,Down regulated,
RPL10,0.001213,0.483135,Down regulated,100506658
MRPL18,0.0012319,0.62351989,Down regulated,
NR2F2,0.0013196,0.7067646,Down regulated,115482686
COMT,0.0013251,0.46392472,Down regulated,111240474
ZMYND17,0.0013807,0.32497659,Down regulated,
PTPN13,0.0014476,0.61497697,Down regulated,115482686
CCDC117,0.0014705,0.68401153,Down regulated,115482686
FUNDC2,0.0015234,0.28942868,Down regulated,115482686
RPS3A,0.0015613,0.43576712,Down regulated,100130932
FBXW5,0.0015762,0.31101575,Down regulated,122394733
AATF,0.0015767,0.57171656,Down regulated,115482686
RPS10,0.0016075,0.35405507,Down regulated,113455421
CNIH4,0.0016392,0.30288966,Down regulated,111089941
C16orf72,0.0016512,0.34897215,Down regulated,
TMOD3,0.0016608,0.44582961,Down regulated,
PIGF,0.0017182,0.39395038,Down regulated,
ETV2,0.0017251,0.25353079,Down regulated,115482686
PPP2CB,0.0017339,0.41399152,Down regulated,115482686
PCDH18,0.0018059,0.24331098,Down regulated,
TRAM2,0.0018362,0.45942545,Down regulated,
RPL17,0.0018436,0.37364532,Down regulated,115482686
IFITM1,0.0018474,0.6705467,Down regulated,100506658
PTRF,0.0018836,0.53067388,Down regulated,
ITGB1BP1,0.00196,1.09480708,Down regulated,115482686
PYGO2,0.0020117,0.28460354,Down regulated,113455421
RPL13A,0.0020295,0.27640775,Down regulated,100130932
TM4SF18,0.0022142,0.48522821,Down regulated,
ANO6,0.0022315,0.76028873,Down regulated,111240474
FUNDC2P2,0.0022661,0.35075907,Down regulated,
RPS15A,0.0022721,0.5050808,Down regulated,113455421
TMX1,0.0023295,0.43537066,Down regulated,
EMCN,0.0024307,0.56464227,Down regulated,
RPS15A,0.0024511,0.36199469,Down regulated,113455421
CAV1,0.0024691,0.75063481,Down regulated,100506658
RPS9,0.0024869,0.45882191,Down regulated,100130932
MAF1,0.0025588,0.48476297,Down regulated,115482686
GTF2E2,0.0026225,0.43252077,Down regulated,113455421
HDLBP,0.0026323,0.31348156,Down regulated,440275
CYHR1,0.0026375,0.43585384,Down regulated,
TMSB15A,0.0026487,0.35747929,Down regulated,122394733
MIR100HG,0.002694,0.50299191,Down regulated,
PPAPDC1A,0.0027387,0.57662421,Down regulated,
POLD2,0.0027751,0.41003966,Down regulated,115482686
THAP11,0.0027796,0.29680223,Down regulated,113455421
LAMA2,0.0028206,0.47942635,Down regulated,728358
RPL10L,0.0028661,0.43446305,Down regulated,440275
RCC1,0.002897,0.5490364,Down regulated,100506658
C9orf7,0.0029054,0.43507669,Down regulated,
FAM46C,0.0029254,0.77813623,Down regulated,
SELK,0.0029449,0.35607715,Down regulated,
RSU1,0.0029586,0.33867071,Down regulated,111240474
RPS3A,0.0029826,0.42452747,Down regulated,100130932
SPATS2L,0.0029868,0.5251546,Down regulated,100506658
RPS15A,0.0030093,0.36634815,Down regulated,113455421
CRYZ,0.0030548,0.43309913,Down regulated,111240474
SLC6A12,0.003083,0.53017574,Down regulated,
PGPEP1,0.0031758,0.45252633,Down regulated,111240474
CCDC167,0.0031989,0.34423513,Down regulated,
FAM160B2,0.0031997,0.3342498,Down regulated,
C4orf52,0.0032425,0.35022171,Down regulated,
FGF11,0.0032462,0.36269611,Down regulated,115482686
AHSA2,0.0032718,0.73928331,Down regulated,
LMOD1,0.0032812,0.48415731,Down regulated,111240474
SDF2,0.0033157,0.34173435,Down regulated,120379
RAB23,0.0033381,0.62219876,Down regulated,122394733
STBD1,0.0033894,0.37264714,Down regulated,111089941
TGFBR2,0.0033982,0.69942363,Down regulated,111240474
SHISA3,0.0034583,0.50317353,Down regulated,
KANK2,0.0034753,0.63646756,Down regulated,122394733
MRGPRF,0.0034763,0.4035601,Down regulated,
SNX3,0.0035008,0.54391966,Down regulated,122394733
SNX3,0.003519,0.51032956,Down regulated,122394733
FLOT2,0.0035261,0.54048763,Down regulated,111216276
JTB,0.003629,0.31804102,Down regulated,122394733
CKLF,0.0036485,0.49368133,Down regulated,111216276
HSBP1,0.0036855,0.32417044,Down regulated,115482686
UXT,0.0036856,0.37561478,Down regulated,120379
CERS4,0.0037472,0.39391023,Down regulated,111089941
APTX,0.0037875,0.45270835,Down regulated,115482686
PDLIM5,0.0038237,0.38677155,Down regulated,100820829
HBP1,0.0038909,0.34549734,Down regulated,115482686
ACVRL1,0.0039107,0.58607088,Down regulated,
CALCRL,0.0039141,0.3559773,Down regulated,111089941
IGFBP7,0.0040172,0.88482357,Down regulated,728358
MGST1,0.0041288,0.87440701,Down regulated,111089941
ZNF436,0.0041348,0.22335184,Down regulated,113455421
RPS3A,0.0041978,0.31479633,Down regulated,100130932
CD2,0.004258,0.42784164,Down regulated,100506658
FXR1,0.0042699,0.4606565,Down regulated,440275
RPS27L,0.0042943,0.32115054,Down regulated,115482686
EPHX1,0.0043056,0.44240139,Down regulated,
POLR2F,0.0043436,0.34835097,Down regulated,115482686
IGJ,0.0043522,0.81998833,Down regulated,
PALLD,0.004369,0.85930965,Down regulated,100820829
TPD52L1,0.0043871,0.55926732,Down regulated,122394733
RPS3A,0.0044227,0.26851194,Down regulated,100130932
ZNF420,0.004437,0.28200003,Down regulated,115482686
STIP1,0.0045269,0.73903435,Down regulated,100506658
AHSA1,0.0045542,0.81253117,Down regulated,111089941
IGLL5,0.0045836,2.09217546,Down regulated,113455421
IL7R,0.0046222,0.64407264,Down regulated,113455421
RPL13A,0.0047032,0.36799286,Down regulated,100130932
RRAS,0.0047146,0.54026707,Down regulated,113455421
FBXW4,0.0047636,0.53391272,Down regulated,111240474
ZNF395,0.0047733,0.39072025,Down regulated,115482686
CREB3,0.0049428,0.25506687,Down regulated,115482686
RAB3IP,0.0049749,0.36102849,Down regulated,115482686
C1orf86,0.0050178,0.29065716,Down regulated,
RPS16,0.0050417,0.27799654,Down regulated,64968
RPS29,0.0050472,0.60591804,Down regulated,64968
CPNE1,0.0050675,0.33138386,Down regulated,115482686
ARID5B,0.0050756,0.36200804,Down regulated,115482686
FAM185A,0.0050943,0.45633982,Down regulated,
TPT1,0.0051042,0.37052549,Down regulated,115482686
TSPAN4,0.0051983,0.40765529,Down regulated,389400
HIST1H2APS1,0.005257,0.31917492,Down regulated,
FLNA,0.0053063,0.70214368,Down regulated,100820829
SNHG13,0.0053106,0.59804164,Down regulated,
MED25,0.0053108,0.44073302,Down regulated,115482686
ARHGAP35,0.0053133,0.42189721,Down regulated,115482686
RPS2,0.0053683,0.46323388,Down regulated,115482686
YY1,0.0054091,0.3106812,Down regulated,115482686
KIRREL,0.0054195,0.2529976,Down regulated,
PDE5A,0.0054213,0.50190851,Down regulated,111240474
TRMT112,0.0055137,0.32406836,Down regulated,100506658
ENG,0.0055199,0.53645104,Down regulated,389400
SSFA2,0.0055309,0.49805301,Down regulated,
LOC100130938,0.0055457,0.37846953,Down regulated,
CFI,0.0055649,0.5323212,Down regulated,111216276
DTNA,0.005651,0.75954611,Down regulated,100506658
PLOD1,0.0056633,0.66310306,Down regulated,111089941
ZNF671,0.0056684,0.23508697,Down regulated,115482686
STIP1,0.0057196,0.69426085,Down regulated,100506658
OBFC1,0.0057343,0.32064846,Down regulated,
YBX1,0.0057921,0.48404853,Down regulated,100130932
TRIM47,0.0057981,0.47462059,Down regulated,115482686
C1orf144,0.0059496,0.39483731,Down regulated,
PPM1D,0.0060174,0.54945646,Down regulated,115482686
GLTSCR2,0.0060764,0.41253146,Down regulated,
S100A6,0.0060906,0.90176786,Down regulated,728358
CCDC90A,0.0061227,0.26743151,Down regulated,
IFITM4P,0.0061532,0.64418856,Down regulated,
LOC100130285,0.0061535,0.28933605,Down regulated,
FLJ37505,0.0061545,0.40829188,Down regulated,
TMEM79,0.006213,0.47563509,Down regulated,
RGL2,0.0062645,0.38740928,Down regulated,111240474
ZNF473,0.0063822,0.27643641,Down regulated,115482686
CHDH,0.0064357,0.51794873,Down regulated,
ARL2,0.0064411,0.35401323,Down regulated,115482686
HSPB1,0.0064519,0.58684063,Down regulated,100820829
HTRA2,0.0064837,0.31766389,Down regulated,115482686
MRPL34,0.0066275,0.31808649,Down regulated,
DDIT4L,0.006632,0.66740029,Down regulated,122394733
RPS15A,0.006719,0.32297176,Down regulated,113455421
CALD1,0.006788,0.48045252,Down regulated,111240474
RAN,0.0068326,0.40230724,Down regulated,100506658
VWA1,0.0068382,0.31649367,Down regulated,728358
THAP2,0.0068631,0.5310307,Down regulated,115482686
KHNYN,0.0068651,0.33947104,Down regulated,115482686
ZNF816,0.0068674,0.29719273,Down regulated,115482686
SNX7,0.0069118,0.40842421,Down regulated,
CD44,0.0069247,0.97529954,Down regulated,111240474
MAD2L2,0.0069403,0.33853991,Down regulated,115482686
MIR155HG,0.0069677,0.19430509,Down regulated,
MGAT1,0.0069896,0.44726562,Down regulated,111216276
RHOJ,0.0069935,0.44736527,Down regulated,113455421
RPS2P32,0.0070074,0.4477587,Down regulated,
PHB,0.0070458,0.43374592,Down regulated,
KLF3,0.0070558,0.4105177,Down regulated,113455421
S1PR3,0.0070983,0.8217341,Down regulated,122394733
NFASC,0.0071105,0.4698619,Down regulated,389400
ST8SIA1,0.0071175,0.25688578,Down regulated,
KDELC2,0.007155,0.35777929,Down regulated,
EIF4B,0.007195,0.39436844,Down regulated,111240474
TMEM81,0.0072068,0.24579026,Down regulated,
RALY,0.0072332,0.4211023,Down regulated,115482686
PTPRB,0.0072903,0.39262761,Down regulated,
CCDC107,0.007435,0.25024841,Down regulated,
KIAA0226,0.0074937,0.34061387,Down regulated,
RPS10,0.0076693,0.32968068,Down regulated,113455421
TXNDC12,0.007673,0.35557719,Down regulated,111089941
B4GALT3,0.0076739,0.33907458,Down regulated,111240474
KCNJ8,0.0077374,0.40625231,Down regulated,
MYL6,0.0077772,0.32716566,Down regulated,111240474
LOC100653210,0.0079178,0.91435691,Down regulated,
CEBPG,0.0079687,0.59084308,Down regulated,115482686
ITGB5,0.0080418,0.56255464,Down regulated,113455421
PLOD3,0.0080545,0.5168043,Down regulated,728358
PARP9,0.0080684,0.51474412,Down regulated,100506658
EDA,0.0080959,0.37942606,Down regulated,111216276
PDLIM5,0.0081611,0.35612906,Down regulated,100820829
COL1A2,0.0081615,0.57383694,Down regulated,728358
SORBS1,0.0081636,0.67924326,Down regulated,246176
MRPS6,0.0081837,0.85914979,Down regulated,64968
TBL1X,0.0082164,0.34119002,Down regulated,115482686
TGM2,0.0082502,0.51076048,Down regulated,728358
ABHD4,0.0083317,0.4846427,Down regulated,
FMN2,0.0083353,0.46926796,Down regulated,115482686
KIAA1429,0.0083698,0.21832581,Down regulated,
ANKRD42,0.0083876,0.34909667,Down regulated,115482686
SLC17A5,0.0083916,0.347407,Down regulated,111240474
CPNE1,0.0084076,0.34300065,Down regulated,115482686
ZNF532,0.0084185,0.31954964,Down regulated,115482686
MOB2,0.0084539,0.30641232,Down regulated,115482686
DDIT4L,0.0084584,0.60867683,Down regulated,122394733
FAM96A,0.0085898,0.4221795,Down regulated,
CD47,0.0085939,0.46003067,Down regulated,113455421
FKBP7,0.0086147,0.28058177,Down regulated,111089941
LEPREL1,0.0086803,0.66049291,Down regulated,
RPS14,0.0087318,0.29181575,Down regulated,113455421
CYBRD1,0.0088209,0.49550538,Down regulated,113455421
TMCO3,0.0088379,0.45233283,Down regulated,
TOMM6,0.0088472,0.30170679,Down regulated,
TAP1,0.0089166,0.47883832,Down regulated,111089941
RPSA,0.008972,0.37566434,Down regulated,115482686
PDCD2,0.0089771,0.31286546,Down regulated,115482686
CDK2AP2,0.0089814,0.55345516,Down regulated,115482686
CHST7,0.0089959,0.34118344,Down regulated,
SYNE2,0.0090022,0.30223311,Down regulated,100820829
MYL12A,0.0090209,0.49231987,Down regulated,100820829
CCND3,0.0090727,0.33424555,Down regulated,115482686
CHI3L2,0.0090745,1.05876487,Down regulated,
PRPF38B,0.0092206,0.40548836,Down regulated,
KIAA0930,0.0092353,0.40357653,Down regulated,
MFGE8,0.0092686,0.42452964,Down regulated,728358
YIPF1,0.0092737,0.34212865,Down regulated,113455421
PDIA6,0.0093154,0.63868081,Down regulated,54658
C19orf25,0.0093796,0.48259965,Down regulated,
SPHK2,0.0093888,0.33757694,Down regulated,115482686
TRIM71,0.0094035,0.24856084,Down regulated,
METTL13,0.0094528,0.31577858,Down regulated,115482686
IDH1,0.0094598,0.4893497,Down regulated,122394733
TBL1Y,0.0094603,0.36779669,Down regulated,115482686
TMEM54,0.0095338,0.52780838,Down regulated,
SLC25A39,0.0095755,0.23903751,Down regulated,
TMTC1,0.0096007,0.73117546,Down regulated,111089941
PPM1M,0.0096508,0.31471931,Down regulated,115482686
RPL13AP3,0.0097378,0.40011047,Down regulated,
ATP6V0E1,0.0097554,0.38851756,Down regulated,
RPL29P2,0.0097926,0.51273214,Down regulated,
RPL5,0.0097969,0.52475403,Down regulated,100506658
ZNF581,0.0098824,0.22308177,Down regulated,115482686
ERGIC3,0.0099215,0.42811766,Down regulated,111089941
SLC22A5,0.0100184,0.40591598,Down regulated,122394733
SIRT7,0.0101256,0.37813809,Down regulated,115482686
ACTG2,0.0101597,0.5602286,Down regulated,122394733
CAV1,0.0101772,0.53716433,Down regulated,100506658
NR1H3,0.0102113,0.36248281,Down regulated,115482686
GALM,0.0102718,0.38325694,Down regulated,122394733
OSTC,0.0103846,0.36533185,Down regulated,
OGN,0.0104439,0.27998163,Down regulated,728358
UTRN,0.0104969,0.4263031,Down regulated,100506658
PCSK5,0.010508,0.45310393,Down regulated,111216276
SCARNA10,0.0106209,0.30339941,Down regulated,
ST6GALNAC6,0.0106728,0.47641315,Down regulated,122394733
CFH,0.010723,0.56509671,Down regulated,113455421
BMPR1A,0.0108203,0.40197128,Down regulated,
FRMD3,0.0108951,0.67021306,Down regulated,
METTL7B,0.0109169,0.30771028,Down regulated,
RIC8B,0.010976,0.23415592,Down regulated,122394733
CCT3,0.0109785,0.37952794,Down regulated,111240474
TBX21,0.0110409,0.15583458,Down regulated,115482686
F13A1,0.0110827,0.55971754,Down regulated,728358
SLC2A11,0.0110988,0.3222268,Down regulated,113455421
CCT4,0.0111144,0.38431716,Down regulated,283652
FANCF,0.0111165,0.38356788,Down regulated,113455421
ABCB1,0.0111457,0.37592655,Down regulated,113455421
YARS,0.0111906,0.38817614,Down regulated,
SORBS1,0.0112331,0.68848314,Down regulated,246176
SDF2L1,0.0112558,0.4580463,Down regulated,120379
BRMS1,0.0113768,0.35974199,Down regulated,115482686
CASP7,0.0114665,0.72518944,Down regulated,115482686
TXNDC5,0.0117874,0.40112384,Down regulated,111089941
CDC26,0.0118457,0.38923885,Down regulated,113455421
NUFIP2,0.0118491,0.35920413,Down regulated,115482686
UBAC1,0.0118897,0.21033659,Down regulated,111240474
RPL15,0.0118982,0.34438903,Down regulated,115482686
PRKD2,0.0118995,0.322476,Down regulated,115482686
LOC100287221,0.011918,0.38101384,Down regulated,
ZAK,0.0119405,0.55732865,Down regulated,
VAMP5,0.0119513,0.44051129,Down regulated,113455421
CCDC167,0.0120585,0.33680854,Down regulated,
GNG12,0.012101,0.55798098,Down regulated,113455421
FARP1,0.012116,0.519789,Down regulated,111240474
RPS7,0.0121404,0.20804488,Down regulated,100506658
LOC96610,0.0122372,0.82654734,Down regulated,
ZNF701,0.0122758,0.26022544,Down regulated,115482686
HSPA4L,0.0122771,0.71537596,Down regulated,115482686
TNFSF14,0.0122869,0.49374264,Down regulated,122394733
PHF3,0.0123121,0.30483208,Down regulated,115482686
COMMD6,0.0123692,0.34912049,Down regulated,115482686
NTNG1,0.0124009,0.24776874,Down regulated,
CNN3,0.0124459,0.48289424,Down regulated,111240474
SNTB2,0.0124786,0.50659735,Down regulated,100506658
PSMC3,0.0124987,0.29970219,Down regulated,115482686
RPL6,0.0125598,0.34363922,Down regulated,115482686
CD99,0.0125942,0.63692497,Down regulated,122394733
LEPR,0.0126033,0.27073374,Down regulated,
LUM,0.0126421,0.39227559,Down regulated,728358
NUDC,0.0126711,0.32494398,Down regulated,113455421
RAB13,0.0126834,0.75331604,Down regulated,111240474
SLC5A3,0.0127415,0.95747331,Down regulated,
NAP1L1,0.0128848,0.36877922,Down regulated,283652
NEDD1,0.0129282,0.30805242,Down regulated,113455421
SORD,0.012956,0.38316032,Down regulated,111240474
PLIN2,0.0130413,0.52646698,Down regulated,115482686
DVL1,0.0130798,0.31936885,Down regulated,111240474
DKK3,0.0131366,0.44513647,Down regulated,
MAPK4,0.0131955,0.70915836,Down regulated,115482686
C1R,0.0132384,0.66947288,Down regulated,113455421
CALHM2,0.0133103,0.52972396,Down regulated,
SH3BGR,0.0133107,0.39282195,Down regulated,
CKS1B,0.0133177,0.27703013,Down regulated,113455421
ZC3HAV1,0.0133398,0.53769454,Down regulated,115482686
RPL31,0.0133924,0.22230547,Down regulated,122394733
SEC14L1,0.013457,0.31184916,Down regulated,113455421
PINK1,0.0136415,0.36121067,Down regulated,115482686
TMTC1,0.0136613,0.44159283,Down regulated,111089941
LYPD1,0.0136794,0.14642681,Down regulated,
ACTA2,0.0136881,0.7524007,Down regulated,100506658
SOD1,0.0137603,0.29955254,Down regulated,100506658
DNHD1,0.0138055,0.17562562,Down regulated,113455421
ZBTB1,0.0138592,0.48706275,Down regulated,115482686
PHF15,0.0138599,0.37439863,Down regulated,
HSP90AB1,0.0138798,0.73820233,Down regulated,100506658
CYP1B1,0.0140037,0.40999105,Down regulated,115482686
RCN1,0.01401,0.54516763,Down regulated,111089941
RELA,0.0140333,0.34177294,Down regulated,115482686
ABLIM1,0.0140634,0.50716811,Down regulated,246176
TXNDC5,0.0140638,0.37520949,Down regulated,111089941
ADPRHL2,0.0140751,0.40674055,Down regulated,
MGAT1,0.0140824,0.38976862,Down regulated,111216276
BAG3,0.0141031,1.13809279,Down regulated,100820829
BAD,0.0141165,0.26397434,Down regulated,111240474
P4HA2,0.014147,0.87462353,Down regulated,111089941
SP5,0.0141654,0.37503133,Down regulated,115482686
SRPX,0.0141706,0.59759973,Down regulated,728358
PC,0.0141978,0.25318545,Down regulated,122394733
LOC729444,0.014211,0.10681683,Down regulated,
ZFP106,0.0142263,0.40782092,Down regulated,
DCLRE1B,0.0143813,0.23414865,Down regulated,113455421
CD40,0.0144142,0.16698979,Down regulated,113455421
MRPL36,0.014479,0.26840749,Down regulated,
UBE2L6,0.0145114,0.41162611,Down regulated,115482686
PYCR1,0.0145133,0.4512553,Down regulated,
HSP90AB5P,0.0145363,0.72434817,Down regulated,
SLC22A17,0.0146524,0.45653779,Down regulated,
LEPR,0.0146896,0.26196164,Down regulated,
MICB,0.0147074,0.20911029,Down regulated,
NUDT1,0.014719,0.27562555,Down regulated,115482686
HSPA1L,0.014733,0.55975148,Down regulated,115482686
LOC100129846,0.0147546,0.33329728,Down regulated,
NPR2,0.0148778,0.35101415,Down regulated,
DTNBP1,0.0148953,0.26117259,Down regulated,115482686
CRYAB,0.0149092,0.40508915,Down regulated,100506658
SSBP2,0.0149168,0.26789538,Down regulated,115482686
SSR2,0.0149508,0.30810536,Down regulated,111089941
RPL29,0.0149763,0.38175769,Down regulated,122394733
RPS21,0.0150096,0.25069934,Down regulated,64968
SNX2,0.0150643,0.31421181,Down regulated,100506658
SMCR7L,0.0151224,0.27443296,Down regulated,
PECAM1,0.0151367,0.58855474,Down regulated,100506658
REXO2,0.0151447,0.24535505,Down regulated,115482686
TPT1,0.0151519,0.42690293,Down regulated,115482686
FRMD3,0.0151684,0.56214249,Down regulated,
RPL28,0.0152554,0.3274166,Down regulated,122394733
RPL19,0.0152976,0.21186484,Down regulated,122394733
CACYBP,0.0153232,0.81992367,Down regulated,115482686
ANKRD57,0.0153763,0.3007098,Down regulated,
IFITM2,0.0154174,0.59448123,Down regulated,100506658
TMEM11,0.0154863,0.20349992,Down regulated,
RPS19,0.0155005,0.32824571,Down regulated,113455421
ENAH,0.0155377,0.35955705,Down regulated,111240474
UBL5,0.0155855,0.28110073,Down regulated,115482686
C17orf67,0.0156217,0.34729142,Down regulated,
LOC100132006,0.0156359,0.32351904,Down regulated,
LAMC3,0.0156851,0.31726568,Down regulated,401138
RPL13A,0.0158522,0.22212246,Down regulated,100130932
CYB5A,0.0159205,0.25354062,Down regulated,111240474
ZMPSTE24,0.0159475,0.26618228,Down regulated,100506658
LOC100131355,0.0160452,0.33477606,Down regulated,
KRTAP2-4,0.0161211,0.46189529,Down regulated,111240474
LASP1,0.0161687,0.41312003,Down regulated,122394733
CALCRL,0.0162665,0.33340726,Down regulated,111089941
PSAP,0.0162989,0.54224178,Down regulated,728358
NFIB,0.0163161,0.3635484,Down regulated,115482686
ZNF521,0.016341,0.36400135,Down regulated,115482686
KLF14,0.016343,0.16908592,Down regulated,115482686
LAMA4,0.0163713,0.31676197,Down regulated,728358
RPL4,0.0163804,0.22064624,Down regulated,100130932
BMI1,0.0164492,0.39161041,Down regulated,115482686
SLC44A3,0.0165336,0.32248022,Down regulated,111216276
LEPREL4,0.0165388,0.3489358,Down regulated,
SLC12A7,0.0165813,0.54026939,Down regulated,100506658
HSD17B7,0.0165823,0.40106823,Down regulated,
NTAN1,0.0165841,0.27300118,Down regulated,115482686
GNB2L1,0.0165946,0.33230505,Down regulated,
CHMP3,0.0167081,0.24215859,Down regulated,111240474
KIAA1462,0.0167285,0.4291094,Down regulated,
HSD17B7,0.0167361,0.4997522,Down regulated,
RPS21,0.0168745,0.3484461,Down regulated,64968
HSPE1,0.0169014,0.41299312,Down regulated,111216276
ADAM12,0.0169051,0.10159716,Down regulated,113455421
PIRT,0.0169106,0.77932002,Down regulated,
TPM1,0.0169246,0.42575016,Down regulated,246176
MARCH3,0.0169283,0.32214686,Down regulated,
F13A1,0.0169541,0.1219229,Down regulated,728358
SLC39A8,0.0169805,0.35560122,Down regulated,
DCHS1,0.0169838,0.25052767,Down regulated,111216276
ITGB1BP1,0.0170249,0.23009683,Down regulated,115482686
SNX25,0.0170734,0.45508447,Down regulated,
TMIE,0.0172034,0.59321088,Down regulated,
TUBA1C,0.0172303,0.93744758,Down regulated,115482686
TRIM16L,0.0172325,0.38128434,Down regulated,
STAG2,0.0172489,0.32684652,Down regulated,115482686
DTYMK,0.017346,0.22342434,Down regulated,115482686
TLR4,0.0173466,0.64925247,Down regulated,122394733
CAV2,0.0173932,0.37248038,Down regulated,100506658
IL1R1,0.017519,0.34275265,Down regulated,111216276
AKAP8L,0.0175279,0.3299744,Down regulated,100130932
LAMA4,0.017568,0.30093371,Down regulated,728358
ZFR,0.0175703,0.26167726,Down regulated,115482686
RPS27A,0.0176288,0.21994876,Down regulated,115482686
LRP4,0.0179037,0.70461347,Down regulated,
FSTL1,0.0179828,0.59270359,Down regulated,111089941
SMOC2,0.0180071,0.4551527,Down regulated,401138
CNPPD1,0.0180277,0.34691596,Down regulated,115482686
ITM2A,0.01816,0.52533584,Down regulated,
BOK,0.0182103,0.39404748,Down regulated,115482686
TM9SF2,0.0182338,0.52775355,Down regulated,111216276
LOC147093,0.0183621,0.11294255,Down regulated,
SSR1,0.0183727,0.35391553,Down regulated,111089941
FLJ45482,0.0184311,0.3893769,Down regulated,
VPS37D,0.0184312,0.31314885,Down regulated,113455421
LGR4,0.0184492,0.45418137,Down regulated,
MRPL27,0.0184837,0.22813273,Down regulated,
BCDIN3D,0.018581,0.32875697,Down regulated,113455421
FAM115A,0.018584,0.20713529,Down regulated,
ZRSR2,0.0185875,0.33464192,Down regulated,113455421
TAGLN2,0.0186585,0.80159919,Down regulated,111240474
DNAJB6,0.0186759,0.663652,Down regulated,100820829
PPP2R5A,0.0186904,0.33081989,Down regulated,100820829
RALGPS2,0.0187439,0.20129097,Down regulated,122394733
CFH,0.0187812,0.55309222,Down regulated,113455421
TRAM1,0.0187957,0.31967841,Down regulated,111089941
ZNF671,0.0187975,0.4391158,Down regulated,115482686
IPO5,0.018937,0.32720346,Down regulated,115482686
ZNF544,0.0190316,0.3616329,Down regulated,115482686
FRMD3,0.0190481,0.28964768,Down regulated,
EEF1A1,0.0190692,0.3894731,Down regulated,115482686
CC2D1B,0.0190759,0.2626332,Down regulated,115482686
RPLP0,0.0191283,0.33254793,Down regulated,100130932
TAB2,0.0191598,0.44978244,Down regulated,113455421
PCSK5,0.0191701,0.18621274,Down regulated,111216276
LOC340357,0.0193292,0.20708137,Down regulated,
POLR2F,0.0193366,0.23134334,Down regulated,115482686
SELS,0.019339,0.29487484,Down regulated,
RPS29,0.0193783,0.24764441,Down regulated,64968
FLJ42969,0.0194216,0.09278984,Down regulated,
LOC100128498,0.0195206,0.2951454,Down regulated,
MTCH1,0.0195468,0.32679386,Down regulated,111216276
PLOD1,0.019551,0.19645074,Down regulated,111089941
GIMAP6,0.0196964,0.33357071,Down regulated,111240474
C20orf196,0.0197673,0.37753399,Down regulated,
ZSWIM2,0.019786,0.10077292,Down regulated,
C5orf41,0.0197993,0.38606869,Down regulated,
PPIC,0.0198211,0.40375393,Down regulated,122394733
MRPL11,0.0198574,0.22143911,Down regulated,
FBXO8,0.0199762,0.35051969,Down regulated,
RSL24D1,0.0200171,0.40009177,Down regulated,113455421
GDI2,0.0200509,0.27493063,Down regulated,122394733
RPL39,0.0200615,0.35648721,Down regulated,87178
UQCC,0.0201006,0.29469494,Down regulated,
HSPA8,0.0201828,0.49329644,Down regulated,120379
ZNF558,0.0201936,0.28896975,Down regulated,115482686
HNRNPH3,0.0202103,0.39323538,Down regulated,100130932
CD2BP2,0.0202847,0.3704181,Down regulated,115482686
LHFPL3,0.0202868,0.35307711,Down regulated,111216276
BANP,0.0203075,0.44693295,Down regulated,113455421
TJP2,0.0203462,0.39084891,Down regulated,115482686
LY6H,0.0203561,0.91765415,Down regulated,
TRAPPC3,0.0203751,0.30804817,Down regulated,111089941
FCHSD2,0.0204861,0.25224305,Down regulated,
PHC1,0.0204897,0.13866357,Down regulated,115482686
BNC2,0.020502,0.2000215,Down regulated,115482686
TRIM63,0.0205288,0.20932522,Down regulated,100820829
GPR172A,0.0205514,0.22626405,Down regulated,
P2RY14,0.0205794,0.37770376,Down regulated,
LYVE1,0.0206658,0.34312192,Down regulated,111216276
RGL1,0.0207035,0.2120187,Down regulated,111240474
STK3,0.0207424,0.30592471,Down regulated,100506658
FZD7,0.0207727,0.50689093,Down regulated,
PPP1R13L,0.0208202,0.55153431,Down regulated,115482686
SYNPO,0.020837,0.4517397,Down regulated,100820829
RPL30,0.0208819,0.23800732,Down regulated,115482686
SAP30L,0.0208925,0.29083331,Down regulated,115482686
P4HB,0.0209333,0.35300781,Down regulated,100506658
ARRDC2,0.0209578,0.53240835,Down regulated,122394733
CNOT4,0.0209868,0.27765705,Down regulated,115482686
FKBP4,0.0211288,0.68873367,Down regulated,100506658
LOC100652953,0.021133,0.44956718,Down regulated,
LOC100128950,0.021137,0.11112825,Down regulated,
LSR,0.0212401,0.229492,Down regulated,111216276
RMND5B,0.0212473,0.26896511,Down regulated,115482686
GALNTL4,0.0212715,0.33762017,Down regulated,
ABHD16B,0.0212958,0.17989533,Down regulated,113455421
RPS10P7,0.0213197,0.3245882,Down regulated,
RPL9,0.0213216,0.20849518,Down regulated,115482686
LOC100652922,0.0214851,0.19568914,Down regulated,
NPNT,0.0215062,0.34356554,Down regulated,728358
LOC442366,0.0215083,0.21697503,Down regulated,
ZNRF3,0.0215922,0.33684912,Down regulated,
NFATC4,0.0216427,0.30167163,Down regulated,115482686
DNAJA1,0.0216504,0.87624308,Down regulated,115482686
KLHL13,0.0217212,0.18715799,Down regulated,111240474
BST2,0.0217788,0.64884972,Down regulated,122394733
ZCCHC10,0.0217869,0.26212963,Down regulated,
PRDX3,0.0218156,0.43376876,Down regulated,100506658
PGAM2,0.0219609,0.71692566,Down regulated,115482686
NCK1,0.0219623,0.37401198,Down regulated,115482686
YAP1,0.0220083,0.48083524,Down regulated,115482686
PPIB,0.0220592,0.3771486,Down regulated,100506658
RPL7,0.022159,0.2472353,Down regulated,100130932
SMAD1,0.0221757,0.41363082,Down regulated,100506658
LOC100128081,0.0222646,0.30661893,Down regulated,
PRADC1,0.0222987,0.2606936,Down regulated,
CBR3,0.0224714,0.26044567,Down regulated,113455421
CTNNBL1,0.022487,0.20571156,Down regulated,115482686
RPL34,0.0225066,0.23892632,Down regulated,111089941
OGG1,0.0225384,0.27512488,Down regulated,100506658
GLIS2,0.0225705,0.23572727,Down regulated,115482686
C9orf114,0.0226737,0.36409079,Down regulated,
TNFAIP1,0.0228853,0.18811623,Down regulated,115482686
PPM1N,0.022906,0.43599286,Down regulated,115482686
FADD,0.0229959,0.32137242,Down regulated,115482686
SLC2A8,0.0231169,0.24044883,Down regulated,111216276
SIVA1,0.0233222,0.27323911,Down regulated,113455421
UPRT,0.0233351,0.15222421,Down regulated,113455421
TMEM43,0.0233451,0.29165923,Down regulated,111089941
C12orf23,0.0233901,0.30849246,Down regulated,
MAX,0.0235221,0.31018334,Down regulated,115482686
UNC13B,0.023543,0.2577235,Down regulated,111240474
ZGLP1,0.023553,0.262543,Down regulated,115482686
IFITM3,0.0235619,0.5144033,Down regulated,100506658
RPL23A,0.0235956,0.48301421,Down regulated,115482686
RPS17,0.023604,0.20318311,Down regulated,113455421
ZNF114,0.0237214,0.16416035,Down regulated,115482686
ARMC7,0.0237216,0.28555165,Down regulated,
CCDC80,0.0238105,0.4621343,Down regulated,401138
CCNG1,0.0238112,0.31966423,Down regulated,115482686
DNAJA1P5,0.0240923,0.87250933,Down regulated,
TMEM140,0.0242647,0.36227769,Down regulated,
PHF17,0.0242848,0.45137565,Down regulated,
UNC119B,0.0242964,0.34733292,Down regulated,111240474
TPST1,0.0243723,0.49230141,Down regulated,111216276
ZBTB40,0.0243885,0.3116804,Down regulated,115482686
CHRNA5,0.0243889,0.21934446,Down regulated,
CRYZ,0.0244919,0.43925781,Down regulated,111240474
FMOD,0.0245336,0.33578614,Down regulated,728358
RRAS2,0.0246332,0.43765504,Down regulated,111089941
ECSCR,0.0246724,0.36940188,Down regulated,113455421
RBM23,0.024673,0.45118683,Down regulated,115482686
FAM89B,0.024815,0.23994242,Down regulated,122394733
ADCK3,0.0248482,0.31757366,Down regulated,
FXR1,0.0248837,0.35445689,Down regulated,440275
TMEM200B,0.0249537,0.11596167,Down regulated,
HSP90B3P,0.0249644,0.47793507,Down regulated,
PTAR1,0.0249874,0.25817774,Down regulated,122394733
LOC100287195,0.0250143,0.31814212,Down regulated,
SQSTM1,0.0251632,0.31805741,Down regulated,111089941
LTBP1,0.0251913,0.34622774,Down regulated,100506658
EDEM3,0.0253576,0.21744961,Down regulated,111089941
PAGE2,0.0255591,0.1117032,Down regulated,
RNF7,0.0258145,0.22222249,Down regulated,115482686
DEDD2,0.0258838,0.50695058,Down regulated,113455421
ARAP1,0.0259015,0.30275014,Down regulated,113455421
CAB39,0.0259046,0.28249192,Down regulated,100820829
TP53TG1,0.0259938,0.30067873,Down regulated,
HSCB,0.0260335,0.29143809,Down regulated,113455421
GNA12,0.026041,0.35937679,Down regulated,122394733
ST13,0.0260602,0.43521054,Down regulated,122394733
PTOV1,0.0261247,0.3019812,Down regulated,113455421
RPSAP52,0.0262442,0.27926113,Down regulated,
USF2,0.0262594,0.36197404,Down regulated,115482686
ABCC3,0.0262635,0.25484957,Down regulated,111216276
SERF2,0.0262678,0.28991708,Down regulated,115482686
TRIM4,0.0262991,0.33637699,Down regulated,122394733
ZNF623,0.0263301,0.20510454,Down regulated,115482686
STRA13,0.0263377,0.24297863,Down regulated,
COLEC12,0.0263643,0.63755734,Down regulated,
C1R,0.0263911,0.50412837,Down regulated,113455421
RELA,0.0265057,0.46924599,Down regulated,115482686
SERPINA3,0.026527,1.3444717,Down regulated,728358
PDE7A,0.0265311,0.299143,Down regulated,111240474
SELM,0.0266441,0.2665261,Down regulated,
AFAP1L1,0.0266753,0.30671957,Down regulated,111240474
GCC1,0.0267535,0.36580621,Down regulated,111240474
ZNF790,0.0267544,0.35300802,Down regulated,115482686
LINC00029,0.0268172,0.33998718,Down regulated,
SOCS4,0.0268336,0.27510218,Down regulated,
GAN,0.0268569,0.31914965,Down regulated,122394733
POR,0.0268673,0.29120567,Down regulated,111240474
SEC11A,0.0269346,0.27491545,Down regulated,
SNORA73A,0.0270597,0.78918628,Down regulated,
ZNF320,0.0271012,0.28745932,Down regulated,115482686
HLA-F-AS1,0.0271169,0.27913874,Down regulated,
CASK,0.0272112,0.3738339,Down regulated,401138
SIRT2,0.0273907,0.3575001,Down regulated,115482686
UBE2A,0.0274186,0.22302557,Down regulated,113455421
IFIT2,0.0274215,0.29339647,Down regulated,111089941
C18orf55,0.0274753,0.22592603,Down regulated,
TM4SF1,0.0275016,0.36944455,Down regulated,
COPS2,0.0275341,0.27539697,Down regulated,115482686
ZNF235,0.0275421,0.17670101,Down regulated,115482686
RPL35,0.0275811,0.18347615,Down regulated,122394733
TULP3,0.0276342,0.31313915,Down regulated,115482686
SOS1,0.0277107,0.33803886,Down regulated,122394733
LAMB2,0.0277439,0.40497741,Down regulated,728358
RNF7,0.0277469,0.21021341,Down regulated,115482686
CNOT4,0.0277904,0.27051543,Down regulated,115482686
RNFT1,0.0277949,0.27863504,Down regulated,111089941
FBXL19-AS1,0.0277971,0.35617775,Down regulated,
HMGCR,0.0278046,0.40451046,Down regulated,111089941
FANCB,0.0278129,0.49537006,Down regulated,113455421
PKDCC,0.0278415,0.3923556,Down regulated,
FGF2,0.0278461,0.50474848,Down regulated,115482686
HVCN1,0.0278683,0.47153825,Down regulated,
IL18BP,0.0279782,0.25766708,Down regulated,113455421
SULT1A4,0.0280187,0.46233877,Down regulated,122394733
ADAM29,0.0280574,0.1008954,Down regulated,
FAM189B,0.0281002,0.19857475,Down regulated,
COL5A1,0.0281006,0.20913712,Down regulated,728358
DRG1,0.0281278,0.21646427,Down regulated,440275
SDHD,0.0282283,0.24609973,Down regulated,
GHRLOS,0.0282685,0.33750113,Down regulated,
HSPB1,0.0282905,0.83321208,Down regulated,100820829
ARPP19,0.0283083,0.2888935,Down regulated,113455421
HIST1H1C,0.0283363,0.52481544,Down regulated,
ANGPT2,0.0284236,0.72952171,Down regulated,728358
SDCBP,0.0285017,0.35786332,Down regulated,283652
RPL17,0.0285306,0.21825604,Down regulated,115482686
FLT3LG,0.0285771,0.14311482,Down regulated,111240474
GNPDA1,0.0285933,0.27769647,Down regulated,122394733
RPL29,0.0286519,0.31251093,Down regulated,122394733
C10orf116,0.0286859,0.65583613,Down regulated,
RPL10,0.0287751,0.27023894,Down regulated,100506658
FKBP15,0.0288064,0.31805976,Down regulated,111216276
PSMB8,0.0288368,0.42050155,Down regulated,115482686
CCDC127,0.0288473,0.25223043,Down regulated,
HCP5,0.0288643,0.27880886,Down regulated,
C7orf60,0.0288997,0.3309704,Down regulated,
AZI2,0.0289683,0.30558853,Down regulated,122394733
XPO1,0.0290274,0.46677706,Down regulated,100506658
GPR146,0.0290399,0.38667659,Down regulated,
IFI27,0.0290521,0.58263281,Down regulated,
GPR126,0.0290543,0.17787723,Down regulated,
GPR116,0.0290856,0.48809907,Down regulated,
TJP2,0.0290969,0.43605231,Down regulated,115482686
LOC100506136,0.0291186,0.22318064,Down regulated,
CD151,0.0292218,0.48267864,Down regulated,401138
HSP90B1,0.0292394,0.41781851,Down regulated,100506658
RPSA,0.0292581,0.2718769,Down regulated,115482686
CTNNA1,0.0292788,0.36328363,Down regulated,111240474
NAMPT,0.0293054,0.40907417,Down regulated,111240474
EIF4G2,0.0294752,0.39439864,Down regulated,111240474
MEF2B,0.029495,0.31784052,Down regulated,115482686
FAM43A,0.0295962,0.50639352,Down regulated,
TBPL1,0.0296716,0.3179436,Down regulated,122394733
RUFY1,0.0296792,0.29133368,Down regulated,122394733
ZNF264,0.0297333,0.28094316,Down regulated,115482686
RPS13,0.0297779,0.20805091,Down regulated,115482686
HSPA1A,0.0298803,1.40832635,Down regulated,100506658
FTL,0.0298934,0.48548983,Down regulated,122394733
MGP,0.0298975,0.55044075,Down regulated,728358
SPTSSA,0.0299163,0.30472671,Down regulated,111089941
KCTD11,0.0299394,0.253256,Down regulated,
CFI,0.0299958,0.71381552,Down regulated,111216276
RAMP3,0.0300289,0.35008395,Down regulated,
SPR,0.0300754,0.79248085,Down regulated,113455421
CARD6,0.030088,0.4819517,Down regulated,
KLHL12,0.0301034,0.11017035,Down regulated,111240474
JAM2,0.030161,0.39763002,Down regulated,
GALK1,0.0302874,0.29807923,Down regulated,122394733
CD8A,0.0303719,0.32427622,Down regulated,
NOD1,0.0303797,0.19538804,Down regulated,122394733
ZNF32,0.0306099,0.22588378,Down regulated,115482686
PGRMC2,0.0306304,0.25746174,Down regulated,111089941
NUDT9,0.0306561,0.41138364,Down regulated,113455421
CHDH,0.030669,0.32056485,Down regulated,
HSPA4,0.0307787,0.50707803,Down regulated,115482686
TMEM9,0.0307928,0.19954438,Down regulated,
ILK,0.0308063,0.22865522,Down regulated,246176
DNAJC18,0.0308604,0.41667053,Down regulated,
TMEM217,0.0308777,0.22146774,Down regulated,
NR0B1,0.0308788,0.46016029,Down regulated,115482686
RSG1,0.0308933,0.10915212,Down regulated,
FCRL5,0.03091,0.23629966,Down regulated,
CLDN12,0.0309132,0.1264966,Down regulated,
RNF145,0.0310542,0.38919375,Down regulated,111089941
MASP2,0.0312086,0.20397001,Down regulated,113455421
CR2,0.0312088,0.34326177,Down regulated,113455421
MED13,0.0312102,0.24493567,Down regulated,115482686
RPL22,0.0312427,0.3401219,Down regulated,100130932
SPINLW1-WFDC6,0.0313941,0.08921274,Down regulated,
ARHGAP42,0.0314726,0.39390791,Down regulated,
FTL,0.0315825,0.47245412,Down regulated,122394733
AKR1C3,0.0316662,0.62160681,Down regulated,115482686
LGALS3,0.0318802,0.74200478,Down regulated,728358
THRA,0.0319075,0.41218362,Down regulated,115482686
SIPA1,0.0319657,0.32748113,Down regulated,100506658
PLA2G12A,0.0320477,0.27992826,Down regulated,122394733
EEF1A1,0.0320582,0.36333765,Down regulated,115482686
ZNF615,0.0321361,0.34056862,Down regulated,115482686
BST2,0.032178,0.664702,Down regulated,122394733
SPEG,0.0323158,0.25985602,Down regulated,115482686
MEF2B,0.0324313,0.35340061,Down regulated,115482686
DUSP9,0.0324447,0.33332779,Down regulated,115482686
SLC2A12,0.032511,0.2663016,Down regulated,111216276
PABPC4L,0.0325382,0.19150283,Down regulated,100130932
MKLN1,0.0325439,0.30853771,Down regulated,113455421
PMVK,0.0325559,0.18155693,Down regulated,111240474
KAL1,0.0325951,0.61958141,Down regulated,
AHNAK,0.0326517,0.48032699,Down regulated,115482686
ZNF428,0.0326532,0.25270664,Down regulated,
KCTD4,0.0328538,0.58910236,Down regulated,
LRRC3C,0.0329029,0.42832735,Down regulated,
WWTR1,0.0329106,0.37242576,Down regulated,115482686
CHRM4,0.0329829,0.80635453,Down regulated,
C1orf43,0.033076,0.40244861,Down regulated,111240474
LRP10,0.0330829,0.33522156,Down regulated,111216276
GPX6,0.0331617,0.07812177,Down regulated,
TBC1D2B,0.0332377,0.35991186,Down regulated,111240474
GPER,0.033255,0.41973834,Down regulated,
ALDH16A1,0.0332895,0.22341515,Down regulated,111216276
SLAMF1,0.033362,0.08549692,Down regulated,113455421
SNRNP48,0.0334221,0.31820666,Down regulated,113455421
RPSA,0.0334237,0.25225929,Down regulated,115482686
RAF1,0.0334632,0.21767221,Down regulated,115482686
C14orf41,0.03347,0.19908701,Down regulated,
PROSC,0.0335139,0.28674044,Down regulated,
ESPNL,0.0335417,0.36954041,Down regulated,122394733
SHE,0.0335727,0.18471399,Down regulated,
ZHX1,0.0335882,0.41202202,Down regulated,115482686
ST13,0.0337216,0.32324583,Down regulated,122394733
SEMA3D,0.0337282,0.4763895,Down regulated,
RPUSD2,0.0337478,0.26460607,Down regulated,
MORC2,0.0337832,0.29483692,Down regulated,115482686
BBS10,0.0337917,0.3353308,Down regulated,
RPS2,0.0338269,0.31992153,Down regulated,115482686
TAGLN,0.0338774,0.37110889,Down regulated,122394733
LSM2,0.0338892,0.22101689,Down regulated,115482686
MSL1,0.0338951,0.26282019,Down regulated,115482686
TMEM51,0.0339044,0.65981607,Down regulated,
LAMA4,0.0339433,0.37445649,Down regulated,728358
CRK,0.0339499,0.38099795,Down regulated,100506658
NMB,0.0340342,0.59258506,Down regulated,
BEST3,0.0340398,0.28465572,Down regulated,
PLSCR4,0.034045,0.59832126,Down regulated,
IGBP1,0.0340833,0.22216677,Down regulated,122394733
BET1L,0.0341223,0.2561098,Down regulated,111240474
TRIM14,0.0341228,0.37754036,Down regulated,113455421
FSD1,0.0341325,0.27316819,Down regulated,115482686
SMO,0.0341634,0.33336611,Down regulated,113455421
STARD3NL,0.0342244,0.40083213,Down regulated,111240474
SPARC,0.0343097,0.5461599,Down regulated,728358
SFT2D1,0.0343563,0.30786048,Down regulated,
EEF1G,0.0343977,0.23339817,Down regulated,115482686
ABHD3,0.0344519,0.38606094,Down regulated,
MTMR11,0.0344582,0.21644153,Down regulated,122394733
TBL1X,0.0344878,0.28026131,Down regulated,115482686
HPS6,0.0345422,0.36077347,Down regulated,111089941
LYPLA1,0.0345658,0.2497339,Down regulated,111089941
C1S,0.0345941,0.66689672,Down regulated,
RPL26L1,0.0346157,0.22187127,Down regulated,113455421
TIPARP,0.0346921,0.33598254,Down regulated,115482686
ITPR2,0.0347079,0.37293208,Down regulated,111089941
KRT83,0.0348075,0.55074024,Down regulated,111240474
EIF1AD,0.034837,0.36987729,Down regulated,115482686
HTR1B,0.0348738,0.26811504,Down regulated,111089941
ZNF384,0.0349517,0.29332408,Down regulated,115482686
C16orf5,0.0350833,0.30788834,Down regulated,
TMEM204,0.0351024,0.40520454,Down regulated,
RHOQ,0.0351242,0.28049262,Down regulated,113455421
RPL23AP53,0.0351786,0.31902621,Down regulated,
TEAD1,0.0352489,0.22346592,Down regulated,113455421
LOC100128063,0.0352712,0.10480679,Down regulated,
MAP4K3,0.0353057,0.20459607,Down regulated,122394733
CCNG1,0.0353286,0.23139753,Down regulated,115482686
STEAP3,0.0353466,0.43889329,Down regulated,122394733
SERHL2,0.0353571,0.51135287,Down regulated,
SLMAP,0.0353687,0.29708462,Down regulated,
IMMP2L,0.0353795,0.31496612,Down regulated,
UTRN,0.0354005,0.30578267,Down regulated,100506658
ZNF768,0.035409,0.32500849,Down regulated,115482686
CCL19,0.0354486,0.32872158,Down regulated,
ZFP82,0.0354858,0.27626083,Down regulated,115482686
LOC100270680,0.0355422,0.13489,Down regulated,
SERPINA3,0.0355716,1.16837413,Down regulated,728358
ID3,0.0356349,0.53851843,Down regulated,115482686
STARD8,0.035642,0.42613506,Down regulated,389400
RPL32,0.0356769,0.18723409,Down regulated,122394733
LILRB5,0.0356813,0.39286111,Down regulated,
TMED5,0.0357719,0.31136387,Down regulated,111089941
RPS6,0.0357874,0.17636108,Down regulated,440275
CTNNBL1,0.0357944,0.21681218,Down regulated,115482686
SOX15,0.0357992,0.15780094,Down regulated,115482686
SLC16A2,0.0358844,0.39196986,Down regulated,
ZMAT5,0.0359128,0.2595232,Down regulated,113455421
LOC100130776,0.0360962,0.20787691,Down regulated,
CTNNA1,0.0361255,0.28725292,Down regulated,111240474
CCDC102A,0.0362484,0.32244277,Down regulated,
MRPS14,0.0362495,0.25011501,Down regulated,64968
VGLL4,0.0362811,0.36148443,Down regulated,115482686
TAGLN,0.0362883,0.40415544,Down regulated,122394733
EEF1A1,0.0363135,0.32968852,Down regulated,115482686
CHCHD7,0.0363357,0.40574607,Down regulated,
ULK2,0.0363532,0.20895047,Down regulated,122394733
MARCH2,0.0363827,0.34626389,Down regulated,
CYP19A1,0.0363944,0.07293166,Down regulated,111089941
CP,0.0364975,0.72938631,Down regulated,111089941
SKP1,0.0364987,0.23315919,Down regulated,115482686
MRGPRG,0.0365033,0.28671795,Down regulated,
CHORDC1,0.0365451,0.84313537,Down regulated,
AKIP1,0.0366738,0.2159486,Down regulated,113455421
MYH7,0.0367006,0.3337544,Down regulated,100820829
HOXB9,0.036731,0.28446327,Down regulated,115482686
TTC19,0.0367681,0.18818535,Down regulated,
CENPB,0.0368872,0.32303803,Down regulated,115482686
CIB1,0.0369788,0.3065971,Down regulated,115482686
ZNF461,0.0370623,0.17918244,Down regulated,115482686
SPIRE1,0.0370641,0.19338221,Down regulated,113455421
S100A10,0.0372491,0.94069466,Down regulated,728358
RPS19,0.0372826,0.33035237,Down regulated,113455421
TRIM56,0.0373086,0.30864624,Down regulated,113455421
BGLAP,0.0373649,0.36941214,Down regulated,111089941
FNDC3B,0.0374294,0.39903637,Down regulated,
PML,0.0374464,0.24094998,Down regulated,115482686
DAD1,0.0376264,0.20853183,Down regulated,111216276
RIC8A,0.0376678,0.26155075,Down regulated,122394733
SMARCA1,0.0377955,0.26265033,Down regulated,115482686
TMEM60,0.0378041,0.29067227,Down regulated,
THAP4,0.0378211,0.20027972,Down regulated,115482686
AKT1S1,0.0378622,0.29531305,Down regulated,113455421
PGD,0.0378792,0.3573192,Down regulated,115482686
CSMD2,0.0379053,0.18682789,Down regulated,
PGF,0.0379114,0.52962808,Down regulated,111216276
PSMG3,0.0379288,0.28262128,Down regulated,100506658
CD63,0.0379422,0.38563287,Down regulated,283652
DCAF4L2,0.037959,0.15307098,Down regulated,
PDK4,0.0379745,0.63056949,Down regulated,
SERPINA3,0.038001,1.38844923,Down regulated,728358
HSP90AA1,0.0380629,0.68694312,Down regulated,100506658
BAG2,0.0381242,0.40728248,Down regulated,120379
GPR133,0.0381302,0.20465181,Down regulated,
CHI3L1,0.0382981,0.79084979,Down regulated,111089941
DHRSX,0.0383022,0.29135635,Down regulated,
ZCRB1,0.0383143,0.20628306,Down regulated,113455421
C10orf26,0.0383318,0.30363713,Down regulated,
PPID,0.038375,0.50073085,Down regulated,115482686
RPLP1,0.0384807,0.17481377,Down regulated,122394733
MARCH3,0.0385118,0.29919919,Down regulated,
TP53INP2,0.038563,0.40717341,Down regulated,115482686
PRPF40A,0.0386583,0.42949169,Down regulated,113455421
TMEM216,0.0386788,0.37878634,Down regulated,111240474
FKSG2,0.0386912,0.2470923,Down regulated,
DDX23,0.038713,0.16969739,Down regulated,115482686
AP1S2,0.0387276,0.39812161,Down regulated,111240474
FKBP14,0.038737,0.23392121,Down regulated,111089941
RPS10,0.0389243,0.20159373,Down regulated,113455421
TWF2,0.0389256,0.28785102,Down regulated,122394733
GEMIN6,0.0389267,0.35422657,Down regulated,113455421
JHDM1D,0.0389629,0.33375725,Down regulated,
MED28,0.0389697,0.17776995,Down regulated,115482686
SULF1,0.0390016,0.56648556,Down regulated,728358
ARHGAP5,0.0390394,0.29618661,Down regulated,111089941
LAMB2,0.0390437,0.33100452,Down regulated,728358
CAPN5,0.0391727,0.42266449,Down regulated,122394733
GMFB,0.0392422,0.25369256,Down regulated,
RPS7P5,0.0392561,0.36976163,Down regulated,
NOB1,0.0392701,0.20246233,Down regulated,113455421
VAT1,0.0393604,0.36900257,Down regulated,113455421
ZNF614,0.0393646,0.27295614,Down regulated,115482686
ZDHHC7,0.0393825,0.25059461,Down regulated,111089941
IRF2BP2,0.0394383,0.45454905,Down regulated,115482686
USP35,0.0394461,0.23600917,Down regulated,115482686
COL4A2,0.0394773,0.63391977,Down regulated,728358
PGCP,0.0395214,0.35308768,Down regulated,
TMED10,0.039612,0.33657861,Down regulated,283652
PNRC1,0.0396965,0.29793879,Down regulated,115482686
RPL38,0.039748,0.17383922,Down regulated,122394733
IL9R,0.0397644,0.34872918,Down regulated,
FAM165B,0.0398262,0.28185163,Down regulated,
ASS1,0.0399195,0.28881434,Down regulated,111089941
TPD52L1,0.0399637,0.51154387,Down regulated,122394733
LOC728431,0.0399918,0.2510522,Down regulated,
DENND2D,0.0400924,0.68809996,Down regulated,113455421
GLIS3,0.0401076,0.20601128,Down regulated,115482686
C10orf114,0.0402213,0.40566615,Down regulated,
NTN1,0.0403681,0.36584275,Down regulated,401138
FLJ41200,0.0403726,0.44839834,Down regulated,
PDGFC,0.0403817,0.43960412,Down regulated,111089941
DNAJC1,0.0404548,0.22044907,Down regulated,111089941
POLR2J4,0.0404647,0.16075974,Down regulated,
MBOAT7,0.040489,0.36487058,Down regulated,111089941
C5orf54,0.0405294,0.32495732,Down regulated,
DDOST,0.0405762,0.22902182,Down regulated,111089941
LGALS3,0.0406288,0.44541198,Down regulated,728358
CRYGS,0.0407254,0.24933836,Down regulated,
SGCE,0.0408007,0.29081244,Down regulated,
IGLL1,0.0408533,0.92617988,Down regulated,111089941
NECAP2,0.0409176,0.256843,Down regulated,
GYG1,0.0409401,0.35224828,Down regulated,111240474
SNORA71C,0.0409775,0.27021734,Down regulated,
LOC100128288,0.041458,0.35427294,Down regulated,
RPS5,0.0414958,0.23859904,Down regulated,100130932
GPR156,0.0415548,0.09368542,Down regulated,
ZFAND2A,0.0416143,0.44889868,Down regulated,115482686
LINC00086,0.0416164,0.17900652,Down regulated,
TNC,0.0416347,0.38263597,Down regulated,728358
P4HA1,0.0417067,0.52401357,Down regulated,111089941
TUBB6,0.0418115,0.7182424,Down regulated,115482686
MFAP1,0.0420298,0.23520598,Down regulated,115482686
FMO3,0.0422866,0.35196249,Down regulated,
PARD3,0.0422929,0.23394027,Down regulated,111240474
FAM120A,0.0423132,0.2728809,Down regulated,115482686
ZIC5,0.0423733,0.31526041,Down regulated,115482686
FRZB,0.0423982,0.50380466,Down regulated,122394733
BTN3A2,0.0424323,0.31708745,Down regulated,111216276
CD3D,0.0424347,0.36709911,Down regulated,122394733
AQP4,0.0424528,0.71866837,Down regulated,100506658
IGBP1,0.0424824,0.38149744,Down regulated,122394733
RC3H2,0.042491,0.40471031,Down regulated,111216276
RFX4,0.0428455,0.21081858,Down regulated,115482686
ST13,0.0428958,0.37657083,Down regulated,122394733
EPC2,0.0429644,0.24840838,Down regulated,
ECE1,0.0430041,0.31982333,Down regulated,111216276
SCARNA17,0.0430151,0.57022776,Down regulated,
NEAT1,0.0430768,0.55553585,Down regulated,
RRAS2,0.0430994,0.46247861,Down regulated,111089941
NR1H2,0.0431094,0.37326164,Down regulated,115482686
TMEM133,0.043125,0.29456526,Down regulated,
FUT9,0.0431391,0.36143412,Down regulated,
TAZ,0.0431577,0.29396644,Down regulated,
BET1,0.0431715,0.26110733,Down regulated,111216276
SLC22A13,0.0432007,0.20780435,Down regulated,111089941
SNORD17,0.0432035,0.81433578,Down regulated,
ZNF295-AS1,0.0432464,0.17034041,Down regulated,
CR1L,0.0433045,0.19302708,Down regulated,122394733
PCDHGA8,0.0433219,0.08835425,Down regulated,
RPS23,0.0434251,0.24533627,Down regulated,111089941
EIF2S2,0.0436394,0.29033598,Down regulated,122394733
TMEM178,0.0436554,0.50862436,Down regulated,
TGFB2,0.0436622,0.45288863,Down regulated,728358
PDIA4,0.0436697,0.44995161,Down regulated,111089941
WNT6,0.0437303,0.27707145,Down regulated,111089941
G3BP1,0.0437441,0.19616133,Down regulated,100130932
FTHL17,0.0438627,0.28393122,Down regulated,122394733
GNAI3,0.0438771,0.31363321,Down regulated,122394733
KDSR,0.0439314,0.2417894,Down regulated,111089941
NDUFA11,0.0439325,0.23451221,Down regulated,
IGDCC4,0.0439381,0.50384108,Down regulated,
MPG,0.0439482,0.30743819,Down regulated,113455421
FCHSD2,0.0439529,0.40913983,Down regulated,
COBL,0.0440649,0.31158998,Down regulated,111216276
FIGN,0.044085,0.37847973,Down regulated,122394733
KCNN3,0.0440886,0.40856695,Down regulated,122394733
NUBP2,0.0440988,0.34958337,Down regulated,115482686
C6orf125,0.0441626,0.25256693,Down regulated,
RHOC,0.0441844,0.22738551,Down regulated,115482686
HIGD1B,0.0442227,0.51032268,Down regulated,
PTP4A3,0.0442502,0.41602295,Down regulated,115482686
SLC40A1,0.0442512,0.48296205,Down regulated,113455421
ZNF664,0.0442523,0.30708598,Down regulated,115482686
RNU105A,0.0442728,0.69645053,Down regulated,
ITGA1,0.0444133,0.27795574,Down regulated,111216276
RPL11,0.0444818,0.17308047,Down regulated,100506658
LOC100129826,0.0445396,0.27084504,Down regulated,
GALNTL2,0.0445904,0.55219835,Down regulated,
TMEM120A,0.0446355,0.20493874,Down regulated,111216276
MS4A14,0.0447762,0.37734716,Down regulated,
PAPOLA,0.0447887,0.47012379,Down regulated,115482686
CCDC121,0.0447896,0.29653679,Down regulated,
ZNF285,0.0447942,0.23741728,Down regulated,115482686
ZNF524,0.0448367,0.20778565,Down regulated,115482686
HSP90AA1,0.0448707,0.64560857,Down regulated,100506658
SIRT7,0.0449373,0.29862823,Down regulated,115482686
HNRNPU,0.0449955,0.25390044,Down regulated,100506658
CHCHD4,0.0449975,0.31338599,Down regulated,
RAMP1,0.0450102,0.33159881,Down regulated,
GADD45GIP1,0.0451283,0.280282,Down regulated,113455421
ZC3H10,0.0452253,0.25512742,Down regulated,113455421
UBE2D3,0.0452406,0.29329108,Down regulated,115482686
ZNF765,0.0453185,0.22772638,Down regulated,115482686
CTNND2,0.0453923,0.33614265,Down regulated,115482686
RPL17,0.0454381,0.18982715,Down regulated,115482686
RPS3A,0.0454414,0.17546247,Down regulated,100130932
MIR17HG,0.0454663,0.39962806,Down regulated,
CTSD,0.0457025,0.4451733,Down regulated,728358
RNU105A,0.045718,0.77283287,Down regulated,
POLR3K,0.0457601,0.24451079,Down regulated,113455421
MZT2A,0.0458375,0.33758482,Down regulated,113455421
CD6,0.0458583,0.26914549,Down regulated,
POLR1D,0.0458866,0.2892468,Down regulated,
LOC374443,0.0458931,0.24946979,Down regulated,
KIAA1462,0.0459032,0.47909225,Down regulated,
DKK2,0.0459741,0.10538402,Down regulated,
CDC25A,0.0460636,0.17901796,Down regulated,115482686
EIF2S2,0.0460726,0.26919201,Down regulated,122394733
HSP90AB2P,0.046122,0.66226177,Down regulated,
ADAMTS5,0.0461573,0.22301862,Down regulated,728358
OR2J2,0.0461593,0.18037805,Down regulated,
LGALS3BP,0.0461973,0.2478905,Down regulated,728358
LOC100506713,0.0461982,0.35384688,Down regulated,
PBX3,0.0462367,0.23936145,Down regulated,115482686
ZNF74,0.046252,0.24980066,Down regulated,115482686
DOCK9,0.046295,0.39843883,Down regulated,111240474
KLRC1,0.0463472,0.34599339,Down regulated,
MRPS18C,0.046484,0.21370442,Down regulated,
PLEKHF1,0.046525,0.26516902,Down regulated,115482686
GEMIN2,0.0465669,0.26933546,Down regulated,115482686
CBX1,0.0465974,0.18504521,Down regulated,115482686
RNPEPL1,0.0466348,0.25407247,Down regulated,
PLCD1,0.0466441,0.34629126,Down regulated,122394733
PSME1,0.0467327,0.3282972,Down regulated,113455421
MXI1,0.0467579,0.36406368,Down regulated,115482686
GUSBP1,0.0467584,0.37085719,Down regulated,
AHR,0.0467887,0.40123375,Down regulated,100506658
RALA,0.0468334,0.26233923,Down regulated,113455421
KLB,0.0469124,0.14305942,Down regulated,
GLT25D1,0.0470082,0.37668696,Down regulated,
ATP5E,0.0470678,0.48018524,Down regulated,
MAFK,0.047074,0.43245391,Down regulated,115482686
PTPN12,0.0471462,0.24734117,Down regulated,115482686
TUBA1C,0.0472003,0.36002291,Down regulated,115482686
VMA21,0.0472931,0.33186191,Down regulated,
SLC35G3,0.0473319,0.07699913,Down regulated,
CFD,0.0473982,1.04129326,Down regulated,113455421
GNA13,0.0474038,0.34692984,Down regulated,283652
HLA-L,0.0474062,0.13828836,Down regulated,
KLHL8,0.0474201,0.23186542,Down regulated,113455421
BARHL1,0.0474522,0.20232379,Down regulated,115482686
RCCD1,0.04746,0.28894086,Down regulated,111240474
ALOX15B,0.0474646,0.44732286,Down regulated,115482686
C17orf104,0.0475066,0.06932408,Down regulated,
STON2,0.0475618,0.43240318,Down regulated,111240474
SHC1,0.0476393,0.32084906,Down regulated,111240474
ZNF358,0.0476455,0.30803418,Down regulated,115482686
ACTN1,0.0477,0.56641069,Down regulated,100820829
TTTY7,0.0477559,0.08301327,Down regulated,
NARFL,0.0477576,0.15508359,Down regulated,
FAM46A,0.0478089,0.53547538,Down regulated,
PSMB5,0.0480247,0.22563175,Down regulated,115482686
CLIC2,0.0480324,0.60851913,Down regulated,115482686
RPL18,0.0481565,0.17930958,Down regulated,115482686
PPP1R14B,0.0482175,0.31548412,Down regulated,122394733
SEC22A,0.048292,0.25265087,Down regulated,
HSD17B1,0.0483906,0.51627635,Down regulated,122394733
LEF1,0.0484088,0.4083438,Down regulated,115482686
PSAP,0.0484844,0.40569475,Down regulated,728358
EEF2,0.0484858,0.25161703,Down regulated,440275
C9orf40,0.0484936,0.23543973,Down regulated,
PCDHA11,0.0485184,0.10608962,Down regulated,
C17orf59,0.0485577,0.27534978,Down regulated,
RFT1,0.0486096,0.20734218,Down regulated,
SPTSSA,0.0486622,0.25662488,Down regulated,111089941
AHNAK2,0.0486961,0.27868865,Down regulated,115482686
RPL26,0.0487041,0.21065853,Down regulated,100130932
TIMP1,0.0487575,0.68886911,Down regulated,111089941
SMG9,0.0487623,0.34565987,Down regulated,111240474
SPTLC3,0.0491131,0.17114785,Down regulated,
YKT6,0.049141,0.23910824,Down regulated,111089941
PHPT1,0.0491893,0.20514868,Down regulated,113455421
RPS18,0.0494957,0.39464177,Down regulated,115482686
AHCY,0.0495012,0.32210672,Down regulated,283652
CRIP2,0.0495264,0.3915556,Down regulated,
VEGFB,0.0496521,0.31627548,Down regulated,111216276
TRIM28,0.0497386,0.1839646,Down regulated,100506658
RSF1,0.0497534,0.24739671,Down regulated,115482686
TNFRSF1A,0.0497541,0.51542521,Down regulated,111216276
CGGBP1,0.0497999,0.32814844,Down regulated,115482686
ARHGAP42,0.0498689,0.24388427,Down regulated,
ZNF525,0.0498776,0.30290075,Down regulated,115482686
LMAN2L,0.0499485,0.28755336,Down regulated,
HIST1H2AC,0.0499889,0.52431682,Down regulated,
